{"homebrew_version":"1.7.7-80-g1f08739","used_options":[],"unused_options":[],"built_as_bottle":true,"poured_from_bottle":true,"installed_as_dependency":false,"installed_on_request":true,"changed_files":["INSTALL_RECEIPT.json","share/man/man1/nvim.1"],"time":1541878996,"source_modified_time":1531914299,"HEAD":null,"stdlib":null,"compiler":"clang","aliases":["nvim"],"runtime_dependencies":[{"full_name":"gettext","version":"0.19.8.1"},{"full_name":"jemalloc","version":"5.1.0"},{"full_name":"libtermkey","version":"0.20"},{"full_name":"libuv","version":"1.23.2"},{"full_name":"libvterm","version":"681"},{"full_name":"luajit","version":"2.0.5"},{"full_name":"msgpack","version":"3.1.1"},{"full_name":"unibilium","version":"2.0.0"}],"source":{"path":"/usr/local/Homebrew/Library/Taps/homebrew/homebrew-core/Formula/neovim.rb","tap":"homebrew/core","spec":"stable","versions":{"stable":"0.3.1","devel":"","head":"HEAD","version_scheme":0}}}