{"homebrew_version":"1.7.1-304-gb2bfa62","used_options":[],"unused_options":[],"built_as_bottle":true,"poured_from_bottle":true,"installed_as_dependency":false,"installed_on_request":true,"changed_files":["INSTALL_RECEIPT.json","lib/pkgconfig/vterm.pc"],"time":1607469138,"source_modified_time":1457543169,"HEAD":null,"stdlib":null,"compiler":"clang","aliases":[],"runtime_dependencies":[],"source":{"path":"/usr/local/Homebrew/Library/Taps/homebrew/homebrew-core/Formula/libvterm.rb","tap":"homebrew/core","spec":"stable","versions":{"stable":"681","devel":"","head":"","version_scheme":0}},"arch":"x86_64","built_on":null}